
# ЁЯУШ ржЧрж▓рзНржкрзЗрж░ ржЫрж▓рзЗ PostgreSQL рж╢рзЗржЦрж╛: рж░ржлрж┐ржХрзЗрж░ ржбрзЗржЯрж╛ржмрзЗржЬ ржЕржнрж┐ржпрж╛ржи

ржПржХржжрж┐ржирзЗрж░ ржХржерж╛ред **рж░ржлрж┐ржХ** ржирж╛ржорзЗрж░ ржПржХ рждрж░рзБржг ржкрзНрж░рзЛржЧрзНрж░рж╛ржорж╛рж░ рж╕рж┐ржжрзНржзрж╛ржирзНржд ржирж┐рж▓рзЛ рж╕рзЗ ржирж┐ржЬрзЗржЗ ржПржХржЯрж╛ ржЫрзЛржЯржЦрж╛ржЯрзЛ рж╕ржлржЯржУрзЯрзНржпрж╛рж░ ржмрж╛ржирж╛ржмрзЗ ржпрзЗржЦрж╛ржирзЗ рж╕рзЗ ржЫрж╛рждрзНрж░ржжрзЗрж░ ржирж╛ржо, рж░рзЛрж▓ ржирж╛ржорзНржмрж╛рж░, ржХрзНрж▓рж╛рж╕ ржЗрждрзНржпрж╛ржжрж┐ рж╕ржВрж░ржХрзНрж╖ржг ржХрж░рждрзЗ ржкрж╛рж░ржмрзЗред  
рж╕рзЗ рж╢рзБржирзЗржЫрзЗ **PostgreSQL** ржирж╛ржоржХ ржПржХржЯрж┐ рж╢ржХрзНрждрж┐рж╢рж╛рж▓рзА ржбрзЗржЯрж╛ржмрзЗржЬ ржорзНржпрж╛ржирзЗржЬржорзЗржирзНржЯ рж╕рж┐рж╕рзНржЯрзЗржо ржЖржЫрзЗ ржпрж╛ ржжрж┐рзЯрзЗ ржПржЗ ржХрж╛ржЬржЧрзБрж▓рзЛ ржХрж░рж╛ ржпрж╛рзЯред

---

## ЁЯПЧя╕П рзз. ржбрзЗржЯрж╛ржмрзЗржЬ рждрзИрж░рж┐ ржХрж░рж╛

ржкрзНрж░ржержорзЗржЗ рж░ржлрж┐ржХ ржнрж╛ржмрж▓рзЛ, тАЬржЖржорж╛ржХрзЗ рждрзЛ ржПржХржЯрж╛ ржЦрж╛рж▓рж┐ ржШрж░ рждрзИрж░рж┐ ржХрж░рждрзЗ рж╣ржмрзЗ ржпрзЗржЦрж╛ржирзЗ ржЖржорж┐ рж╕ржм рждржерзНржп рж░рж╛ржЦржмредтАЭ рждрж╛ржЗ рж╕рзЗ ржирж┐ржЪрзЗрж░ ржХржорж╛ржирзНржб ржжрж┐рзЯрзЗ ржПржХржЯрж┐ ржбрзЗржЯрж╛ржмрзЗржЬ рждрзИрж░рж┐ ржХрж░рж▓рзЛтАФ

```sql
CREATE DATABASE school;
```

рждрж╛рж░ржкрж░ рж╕рзЗ рж╕рзЗржЗ ржбрзЗржЯрж╛ржмрзЗржЬрзЗ ржврзБржХрзЗ ржЧрзЗрж▓тАФ

```sql
\c school
```

---

## ЁЯУж рзи. ржЯрзЗржмрж┐рж▓ рждрзИрж░рж┐

ржПржЦржи рж░ржлрж┐ржХ ржПржХржЯрж┐ `students` ржирж╛ржоржХ ржЯрзЗржмрж┐рж▓ рждрзИрж░рж┐ ржХрж░рж▓рзЛ, ржпрзЗржЦрж╛ржирзЗ ржерж╛ржХржмрзЗ ржЫрж╛рждрзНрж░ржжрзЗрж░ ржирж╛ржо, рж░рзЛрж▓ ржирж╛ржорзНржмрж╛рж░ ржЖрж░ ржмрзЯрж╕ред

```sql
CREATE TABLE students (
    id SERIAL PRIMARY KEY,
    name VARCHAR(100),
    roll INT,
    age INT
);
```

---

## ЁЯУЭ рзй. ржбрзЗржЯрж╛ ржпрзЛржЧ ржХрж░рж╛ (Insert)

рж░ржлрж┐ржХ ржПржЦржи ржХрзЯрзЗржХржЬржи ржЫрж╛рждрзНрж░рзЗрж░ рждржерзНржп ржпрзБржХрзНржд ржХрж░рж▓рзЛ:

```sql
INSERT INTO students (name, roll, age) VALUES ('рж░рж╛рзЯрж╣рж╛ржи', 1, 14);
INSERT INTO students (name, roll, age) VALUES ('рж╕рж╛ржорж┐рзЯрж╛', 2, 15);
```

---

## ЁЯФН рзк. ржбрзЗржЯрж╛ ржжрзЗржЦрж╛ (Select)

ржХрж┐ржЫрзБржХрзНрж╖ржг ржкрж░ рж░ржлрж┐ржХ ржнрж╛ржмрж▓рзЛ, тАЬржЪрж▓ ржжрзЗржЦрж┐ ржЯрзЗржмрж┐рж▓рзЗ ржХрзА ржЖржЫрзЗ!тАЭ

```sql
SELECT * FROM students;
```

---

## тЬПя╕П рзл. ржбрзЗржЯрж╛ ржЖржкржбрзЗржЯ ржХрж░рж╛ (Update)

рж░рж╛рзЯрж╣рж╛ржирзЗрж░ ржмрзЯрж╕ ржнрзБрж▓ рж╣рзЯрзЗржЫрж┐рж▓, рж╕рзЗ ржЖрж╕рж▓рзЗ рззрзл ржмржЫрж░ ржмрзЯрж╕рзАред рждрж╛ржЗ рж░ржлрж┐ржХ ржарж┐ржХ ржХрж░рж▓рзЛтАФ

```sql
UPDATE students SET age = 15 WHERE roll = 1;
```

---

## тЭМ рзм. ржбрзЗржЯрж╛ ржорзБржЫрзЗ ржлрзЗрж▓рж╛ (Delete)

рж╕рж╛ржорж┐рзЯрж╛ рж╕рзНржХрзБрж▓ ржмржжрж▓рзЗ ржлрзЗрж▓рзЗржЫрзЗ, рждрж╛ржЗ рж░ржлрж┐ржХ рждрж╛ржХрзЗ рждрж╛рж▓рж┐ржХрж╛ ржерзЗржХрзЗ ржорзБржЫрзЗ ржлрзЗрж▓рж▓рзЛтАФ

```sql
DELETE FROM students WHERE roll = 2;
```

---

## тЮХ рзн. ржирждрзБржи ржХрж▓рж╛ржо ржпрзЛржЧ ржХрж░рж╛

рж░ржлрж┐ржХ ржнрж╛ржмрж▓рзЛ, тАЬржЖржорж┐ ржпржжрж┐ ржЫрж╛рждрзНрж░ржжрзЗрж░ ржарж┐ржХрж╛ржирж╛ржУ рж░рж╛ржЦрждрзЗ ржЪрж╛ржЗ?тАЭ рждрж╛ржЗ рж╕рзЗ ржирждрзБржи ржПржХржЯрж┐ ржХрж▓рж╛ржо ржпрзБржХрзНржд ржХрж░рж▓рзЛтАФ

```sql
ALTER TABLE students ADD COLUMN address TEXT;
```

---

## тЬВя╕П рзо. ржХрж▓рж╛ржо ржорзБржЫрзЗ ржлрзЗрж▓рж╛

рж░ржлрж┐ржХ ржкрж░рзЗ ржарж┐ржХ ржХрж░рж▓рзЛ ржпрзЗ ржарж┐ржХрж╛ржирж╛рж░ ржжрж░ржХрж╛рж░ ржирзЗржЗ ржЖрж░ред рж╕рзЗ ржХрж▓рж╛ржоржЯрж┐ рж╕рж░рж┐рзЯрзЗ ржжрж┐рж▓рзЛтАФ

```sql
ALTER TABLE students DROP COLUMN address;
```

---

## ЁЯФД рзп. ржЯрзЗржмрж┐рж▓рзЗрж░ ржирж╛ржо ржкрж░рж┐ржмрж░рзНрждржи

рж░ржлрж┐ржХ ржнрж╛ржмрж▓рзЛ, тАЬstudents ржирж╛ ржмрж▓рзЗ ржЖржорж┐ ржпржжрж┐ table ржЯрж╛рж░ ржирж╛ржо `learners` рж░рж╛ржЦрж┐?тАЭ

```sql
ALTER TABLE students RENAME TO learners;
```

---

## ЁЯз╣ рззрзж. ржЯрзЗржмрж┐рж▓ ржорзБржЫрзЗ ржлрзЗрж▓рж╛

ржкрж░рзАржХрзНрж╖рж╛рж░ рж╢рзЗрж╖рзЗ рж░ржлрж┐ржХ ржбрзЗржЯрж╛ржмрзЗржЬ ржкрж░рж┐рж╖рзНржХрж╛рж░ ржХрж░рзЗ ржлрзЗрж▓рж▓рзЛ:

```sql
DROP TABLE learners;
```

ржЖрж░ ржпржжрж┐ ржкрзБрж░рзЛ ржбрзЗржЯрж╛ржмрзЗржЬржЯрж╛ржЗ ржорзБржЫрзЗ ржжрж┐рждрзЗ ржЪрж╛рзЯ:

```sql
DROP DATABASE school;
```

---

## ЁЯУЪ рж░ржлрж┐ржХ ржпрж╛ рж╢рж┐ржЦрж▓рзЛ

| ржХрж╛ржЬ                     | ржХржорж╛ржирзНржб                                          |
|--------------------------|--------------------------------------------------|
| ржбрзЗржЯрж╛ржмрзЗржЬ рждрзИрж░рж┐             | `CREATE DATABASE school;`                      |
| ржбрзЗржЯрж╛ржмрзЗржЬрзЗ ржврзЛржХрж╛            | `\c school`                                   |
| ржЯрзЗржмрж┐рж▓ рждрзИрж░рж┐               | `CREATE TABLE students (...);`                 |
| ржбрзЗржЯрж╛ ржпрзБржХрзНржд               | `INSERT INTO students (...) VALUES (...);`     |
| ржбрзЗржЯрж╛ ржжрзЗржЦрж╛               | `SELECT * FROM students;`                      |
| ржбрзЗржЯрж╛ ржЖржкржбрзЗржЯ              | `UPDATE students SET ... WHERE ...;`          |
| ржбрзЗржЯрж╛ ржорзБржЫрзЗ ржлрзЗрж▓рж╛           | `DELETE FROM students WHERE ...;`             |
| ржирждрзБржи ржХрж▓рж╛ржо ржпрзЛржЧ           | `ALTER TABLE students ADD COLUMN ...;`        |
| ржХрж▓рж╛ржо ржорзБржЫрзЗ ржлрзЗрж▓рж╛           | `ALTER TABLE students DROP COLUMN ...;`       |
| ржЯрзЗржмрж┐рж▓рзЗрж░ ржирж╛ржо ржкрж░рж┐ржмрж░рзНрждржи     | `ALTER TABLE students RENAME TO learners;`    |
| ржЯрзЗржмрж┐рж▓ ржорзБржЫрзЗ ржлрзЗрж▓рж╛          | `DROP TABLE learners;`                        |
| ржбрзЗржЯрж╛ржмрзЗржЬ ржорзБржЫрзЗ ржлрзЗрж▓рж╛       | `DROP DATABASE school;`                       |

---

ЁЯОЙ **ржПржЗржнрж╛ржмрзЗржЗ рж░ржлрж┐ржХ PostgreSQL ржжрж┐рзЯрзЗ ржЫрзЛржЯ ржерзЗржХрзЗ ржмрзЬ ржХрж╛ржЬ рж╢рж┐ржЦрзЗ ржлрзЗрж▓рж▓рзЛ ржЧрж▓рзНржкрзЗрж░ ржЫрж▓рзЗ!**




# ЁЯУШ ржЧрж▓рзНржкрзЗрж░ ржЫрж▓рзЗ PostgreSQL рж╢рзЗржЦрж╛: рж░ржлрж┐ржХрзЗрж░ ржЯрж╛рж░рзНржорж┐ржирж╛рж▓ ржЕрзНржпрж╛ржбржнрзЗржЮрзНржЪрж╛рж░  - рзи

рж░ржлрж┐ржХ ржПржмрж╛рж░ ржЯрж╛рж░рзНржорж┐ржирж╛рж▓рзЗ ржкрзНрж░рждрж┐ржЯрж┐ ржХржорж╛ржирзНржбрзЗрж░ рж░рж┐рзЯрзЗрж▓-ржЯрж╛ржЗржо ржЖржЙржЯржкрзБржЯ ржжрзЗржЦрждрзЗ ржЪрж╛рзЯред ржЪрж▓рзБржи ржЖржорж░рж╛ ржкрзНрж░рждрж┐ржЯрж┐ ржЙржжрж╛рж╣рж░ржгрзЗрж░ рж╕рж╛ржерзЗ ржЯрж╛рж░рзНржорж┐ржирж╛рж▓рзЗрж░ ржПржХрзНрж╕ржкрзЗржХрзНржЯрзЗржб ржЖржЙржЯржкрзБржЯржУ ржпрзЛржЧ ржХрж░рж┐ред

---

## ЁЯФН ржмрзЗрж╕рж┐ржХ рж╕рж┐рж▓рзЗржХрзНржЯ ржЙржжрж╛рж╣рж░ржг

**ржХржорж╛ржирзНржб:**
```sql
SELECT student_id, first_name, email FROM students;
```

**ржЯрж╛рж░рзНржорж┐ржирж╛рж▓ ржЖржЙржЯржкрзБржЯ:**
```
 student_id | first_name |        email        
------------+------------+--------------------
          1 | рж░рж╛рзЯрж╣рж╛ржи     | raihan@example.com
          2 | рж╕рж╛ржорж┐рзЯрж╛     | samia@example.com
          3 | ржЖрж░ржорж╛ржи      | arman@example.com
(3 rows)
```

---

## ЁЯФ╝ рж╕рж░рзНржЯрж┐ржВ ржЙржжрж╛рж╣рж░ржг

**ржХржорж╛ржирзНржб:**
```sql
SELECT * FROM students ORDER BY first_name DESC;
```

**ржЯрж╛рж░рзНржорж┐ржирж╛рж▓ ржЖржЙржЯржкрзБржЯ:**
```
 student_id | first_name | last_name |        email        | age
------------+------------+-----------+---------------------+-----
          2 | рж╕рж╛ржорж┐рзЯрж╛     | ржЖрж╣ржорзЗржж     | samia@example.com   |  15
          1 | рж░рж╛рзЯрж╣рж╛ржи     | ржЗрж╕рж▓рж╛ржо     | raihan@example.com  |  14
          3 | ржЖрж░ржорж╛ржи      | ржЦрж╛ржи       | arman@example.com   |  13
(3 rows)
```

---

## ЁЯМН DISTINCT ржЙржжрж╛рж╣рж░ржг

**ржХржорж╛ржирзНржб:**
```sql
SELECT DISTINCT country FROM students;
```

**ржЯрж╛рж░рзНржорж┐ржирж╛рж▓ ржЖржЙржЯржкрзБржЯ:**
```
 country 
---------
 ржмрж╛ржВрж▓рж╛ржжрзЗрж╢
 USA
 UK
 ржнрж╛рж░ржд
(4 rows)
```

---

## ЁЯОп ржлрж┐рж▓рзНржЯрж╛рж░рж┐ржВ ржЙржжрж╛рж╣рж░ржг

**ржХржорж╛ржирзНржб:**
```sql
SELECT * FROM students WHERE grade = 'A' AND course='Math';
```

**ржЯрж╛рж░рзНржорж┐ржирж╛рж▓ ржЖржЙржЯржкрзБржЯ:**
```
 id | first_name | last_name | grade | course | age
----+------------+-----------+-------+--------+-----
  5 | ржЬрзЯрж┐рждрж╛      | рж╕рж░ржХрж╛рж░     | A     | Math   |  16
 12 | ржЖржжрж┐рждрзНржп     | ржжрждрзНржд      | A     | Math   |  15
(2 rows)
```

---

## тЬи рж╕рзНржЯрзНрж░рж┐ржВ ржлрж╛ржВрж╢ржи ржЙржжрж╛рж╣рж░ржг

**ржХржорж╛ржирзНржб:**
```sql
SELECT CONCAT(first_name,' ', last_name) AS full_name FROM students;
```

**ржЯрж╛рж░рзНржорж┐ржирж╛рж▓ ржЖржЙржЯржкрзБржЯ:**
```
   full_name   
---------------
 рж░рж╛рзЯрж╣рж╛ржи ржЗрж╕рж▓рж╛ржо
 рж╕рж╛ржорж┐рзЯрж╛ ржЖрж╣ржорзЗржж
 ржЖрж░ржорж╛ржи ржЦрж╛ржи
(3 rows)
```

---

## ЁЯУК ржЕрзНржпрж╛ржЧрзНрж░рж┐ржЧрзЗрж╢ржи ржЙржжрж╛рж╣рж░ржг

**ржХржорж╛ржирзНржб:**
```sql
SELECT AVG(age) FROM students;
```

**ржЯрж╛рж░рзНржорж┐ржирж╛рж▓ ржЖржЙржЯржкрзБржЯ:**
```
        avg         
--------------------
 14.3333333333333333
(1 row)
```

---

## ЁЯЪл NULL рж╣рзНржпрж╛ржирзНржбрж▓рж┐ржВ ржЙржжрж╛рж╣рж░ржг

**ржХржорж╛ржирзНржб:**
```sql
SELECT COALESCE(email, 'email not provided') AS "Email" FROM students;
```

**ржЯрж╛рж░рзНржорж┐ржирж╛рж▓ ржЖржЙржЯржкрзБржЯ:**
```
        Email        
---------------------
 raihan@example.com
 samia@example.com
 email not provided
(3 rows)
```

---

## ЁЯМР IN ржЕржкрж╛рж░рзЗржЯрж░ ржЙржжрж╛рж╣рж░ржг

**ржХржорж╛ржирзНржб:**
```sql
SELECT * FROM students WHERE country IN ('USA', 'UK');
```

**ржЯрж╛рж░рзНржорж┐ржирж╛рж▓ ржЖржЙржЯржкрзБржЯ:**
```
 id | first_name | last_name | country | age
----+------------+-----------+---------+-----
  7 | ржЬржи         | рж╕рзНржорж┐рже     | USA     |  17
  9 | ржПржорж╛        | ржЬрзЛржирзНрж╕     | UK      |  16
(2 rows)
```

---

## ЁЯУЕ BETWEEN ржЙржжрж╛рж╣рж░ржг

**ржХржорж╛ржирзНржб:**
```sql
SELECT * FROM students WHERE age BETWEEN 15 AND 17;
```

**ржЯрж╛рж░рзНржорж┐ржирж╛рж▓ ржЖржЙржЯржкрзБржЯ:**
```
 id | first_name | last_name | age 
----+------------+-----------+-----
  2 | рж╕рж╛ржорж┐рзЯрж╛     | ржЖрж╣ржорзЗржж     |  15
  7 | ржЬржи         | рж╕рзНржорж┐рже     |  17
  9 | ржПржорж╛        | ржЬрзЛржирзНрж╕     |  16
(3 rows)
```

---

## ЁЯФО LIKE/ILIKE ржЙржжрж╛рж╣рж░ржг

**ржХржорж╛ржирзНржб:**
```sql
SELECT * FROM students WHERE first_name LIKE '%ржорж╛%';
```

**ржЯрж╛рж░рзНржорж┐ржирж╛рж▓ ржЖржЙржЯржкрзБржЯ:**
```
 id | first_name | last_name 
----+------------+-----------
  2 | рж╕рж╛ржорж┐рзЯрж╛     | ржЖрж╣ржорзЗржж
 11 | рж╕рж╛ржорж┐рж░рж╛     | ржЗрж╕рж▓рж╛ржо
(2 rows)
```

---

## ЁЯУС ржкрзЗржЬрж┐ржирзЗрж╢ржи ржЙржжрж╛рж╣рж░ржг

**ржХржорж╛ржирзНржб:**
```sql
SELECT * FROM students LIMIT 2 OFFSET 1;
```

**ржЯрж╛рж░рзНржорж┐ржирж╛рж▓ ржЖржЙржЯржкрзБржЯ:**
```
 id | first_name | last_name 
----+------------+-----------
  2 | рж╕рж╛ржорж┐рзЯрж╛     | ржЖрж╣ржорзЗржж
  3 | ржЖрж░ржорж╛ржи      | ржЦрж╛ржи
(2 rows)
```

---

## ЁЯЧСя╕П ржбрж┐рж▓рж┐ржЯ ржЙржжрж╛рж╣рж░ржг

**ржХржорж╛ржирзНржб:**
```sql
DELETE FROM students WHERE grade = 'B' RETURNING *;
```

**ржЯрж╛рж░рзНржорж┐ржирж╛рж▓ ржЖржЙржЯржкрзБржЯ:**
```
 id | first_name | last_name | grade 
----+------------+-----------+-------
  4 | рж░рж┐рзЯрж╛ржж      | рж░рж╣ржорж╛ржи     | B
  8 | рж╕рзБржорж╛ржЗрзЯрж╛    | ржЖржХрзНрждрж╛рж░    | B
(2 rows)

DELETE 2
```

---

## тЬПя╕П ржЖржкржбрзЗржЯ ржЙржжрж╛рж╣рж░ржг

**ржХржорж╛ржирзНржб:**
```sql
UPDATE students SET age = age + 1 WHERE country = 'Bangladesh' RETURNING first_name, age;
```

**ржЯрж╛рж░рзНржорж┐ржирж╛рж▓ ржЖржЙржЯржкрзБржЯ:**
```
 first_name | age 
------------+-----
 рж░рж╛рзЯрж╣рж╛ржи     |  15
 рж╕рж╛ржорж┐рзЯрж╛     |  16
 ржЖрж░ржорж╛ржи      |  14
(3 rows)

UPDATE 3
```

---

## ЁЯУЪ ржЖржЬржХрзЗрж░ рж╢рзЗржЦрж╛ ржЧрзБрж░рзБрждрзНржмржкрзВрж░рзНржг ржХржорж╛ржирзНржбрж╕ржорзВрж╣

| ржХрж╛ржЬ | ржХржорж╛ржирзНржб |
|------|--------|
| ржЗржЙржирж┐ржХ ржХржирж╕рзНржЯрзНрж░рзЗржЗржирзНржЯ ржпрзЛржЧ | `ALTER TABLE users ADD CONSTRAINT uniq_name UNIQUE(column);` |
| ржЗржЙржирж┐ржХ ржХржирж╕рзНржЯрзНрж░рзЗржЗржирзНржЯ рж╕рж░рж╛ржирзЛ | `ALTER TABLE users DROP CONSTRAINT constraint_name;` |
| ржЯрзЗржмрж┐рж▓ ржЦрж╛рж▓рж┐ ржХрж░рж╛ | `TRUNCATE TABLE users;` |
| рж╕рж┐рж▓рзЗржХрзНржЯрж┐ржн ржбрзЗржЯрж╛ ржжрзЗржЦрж╛ | `SELECT col1, col2 FROM table;` |
| рж╕рж░рзНржЯрж┐ржВ | `SELECT * FROM table ORDER BY column ASC/DESC;` |
| ржбрж┐рж╕ржЯрж┐ржВржХрзНржЯ ржнрзНржпрж╛рж▓рзБ | `SELECT DISTINCT column FROM table;` |
| ржлрж┐рж▓рзНржЯрж╛рж░рж┐ржВ | `SELECT * FROM table WHERE condition;` |
| NULL рж╣рзНржпрж╛ржирзНржбрж▓рж┐ржВ | `SELECT COALESCE(column, 'default') FROM table;` |
| ржкрзЗржЬрж┐ржирзЗрж╢ржи | `SELECT * FROM table LIMIT 5 OFFSET 10;` |

---
